<annotation>
	<folder>image_dataset</folder>
	<filename>10.jpg</filename>
	<path>E:\Project 2022\Automatic-HTML-Code-Generation-from-Images\Automatic-HTML-Code-Generation-from-Images-master\image_dataset\10.jpg</path>
	<source>
		<database>Unknown</database>
	</source>
	<size>
		<width>1852</width>
		<height>2052</height>
		<depth>3</depth>
	</size>
	<segmented>0</segmented>
	<object>
		<name>Image</name>
		<pose>Unspecified</pose>
		<truncated>0</truncated>
		<difficult>0</difficult>
		<bndbox>
			<xmin>1018</xmin>
			<ymin>125</ymin>
			<xmax>1356</xmax>
			<ymax>252</ymax>
		</bndbox>
	</object>
	<object>
		<name>Image</name>
		<pose>Unspecified</pose>
		<truncated>0</truncated>
		<difficult>0</difficult>
		<bndbox>
			<xmin>1129</xmin>
			<ymin>356</ymin>
			<xmax>1329</xmax>
			<ymax>474</ymax>
		</bndbox>
	</object>
	<object>
		<name>Image</name>
		<pose>Unspecified</pose>
		<truncated>0</truncated>
		<difficult>0</difficult>
		<bndbox>
			<xmin>965</xmin>
			<ymin>527</ymin>
			<xmax>1178</xmax>
			<ymax>670</ymax>
		</bndbox>
	</object>
	<object>
		<name>Image</name>
		<pose>Unspecified</pose>
		<truncated>0</truncated>
		<difficult>0</difficult>
		<bndbox>
			<xmin>989</xmin>
			<ymin>967</ymin>
			<xmax>1138</xmax>
			<ymax>1101</ymax>
		</bndbox>
	</object>
	<object>
		<name>Image</name>
		<pose>Unspecified</pose>
		<truncated>0</truncated>
		<difficult>0</difficult>
		<bndbox>
			<xmin>1607</xmin>
			<ymin>1556</ymin>
			<xmax>1845</xmax>
			<ymax>1690</ymax>
		</bndbox>
	</object>
	<object>
		<name>Image</name>
		<pose>Unspecified</pose>
		<truncated>0</truncated>
		<difficult>0</difficult>
		<bndbox>
			<xmin>1516</xmin>
			<ymin>1810</ymin>
			<xmax>1760</xmax>
			<ymax>1956</ymax>
		</bndbox>
	</object>
	<object>
		<name>Image</name>
		<pose>Unspecified</pose>
		<truncated>1</truncated>
		<difficult>0</difficult>
		<bndbox>
			<xmin>1116</xmin>
			<ymin>1907</ymin>
			<xmax>1285</xmax>
			<ymax>2052</ymax>
		</bndbox>
	</object>
	<object>
		<name>Image</name>
		<pose>Unspecified</pose>
		<truncated>0</truncated>
		<difficult>0</difficult>
		<bndbox>
			<xmin>742</xmin>
			<ymin>1921</ymin>
			<xmax>967</xmax>
			<ymax>2043</ymax>
		</bndbox>
	</object>
	<object>
		<name>Image</name>
		<pose>Unspecified</pose>
		<truncated>0</truncated>
		<difficult>0</difficult>
		<bndbox>
			<xmin>358</xmin>
			<ymin>1912</ymin>
			<xmax>576</xmax>
			<ymax>2043</ymax>
		</bndbox>
	</object>
	<object>
		<name>Image</name>
		<pose>Unspecified</pose>
		<truncated>0</truncated>
		<difficult>0</difficult>
		<bndbox>
			<xmin>42</xmin>
			<ymin>1896</ymin>
			<xmax>238</xmax>
			<ymax>2032</ymax>
		</bndbox>
	</object>
	<object>
		<name>Button</name>
		<pose>Unspecified</pose>
		<truncated>0</truncated>
		<difficult>0</difficult>
		<bndbox>
			<xmin>27</xmin>
			<ymin>61</ymin>
			<xmax>309</xmax>
			<ymax>174</ymax>
		</bndbox>
	</object>
	<object>
		<name>Button</name>
		<pose>Unspecified</pose>
		<truncated>0</truncated>
		<difficult>0</difficult>
		<bndbox>
			<xmin>107</xmin>
			<ymin>410</ymin>
			<xmax>425</xmax>
			<ymax>545</ymax>
		</bndbox>
	</object>
	<object>
		<name>Button</name>
		<pose>Unspecified</pose>
		<truncated>0</truncated>
		<difficult>0</difficult>
		<bndbox>
			<xmin>147</xmin>
			<ymin>623</ymin>
			<xmax>485</xmax>
			<ymax>763</ymax>
		</bndbox>
	</object>
	<object>
		<name>Button</name>
		<pose>Unspecified</pose>
		<truncated>0</truncated>
		<difficult>0</difficult>
		<bndbox>
			<xmin>131</xmin>
			<ymin>832</ymin>
			<xmax>478</xmax>
			<ymax>965</ymax>
		</bndbox>
	</object>
	<object>
		<name>Button</name>
		<pose>Unspecified</pose>
		<truncated>0</truncated>
		<difficult>0</difficult>
		<bndbox>
			<xmin>82</xmin>
			<ymin>1254</ymin>
			<xmax>351</xmax>
			<ymax>1383</ymax>
		</bndbox>
	</object>
	<object>
		<name>Button</name>
		<pose>Unspecified</pose>
		<truncated>0</truncated>
		<difficult>0</difficult>
		<bndbox>
			<xmin>493</xmin>
			<ymin>1414</ymin>
			<xmax>769</xmax>
			<ymax>1534</ymax>
		</bndbox>
	</object>
	<object>
		<name>Button</name>
		<pose>Unspecified</pose>
		<truncated>0</truncated>
		<difficult>0</difficult>
		<bndbox>
			<xmin>909</xmin>
			<ymin>1287</ymin>
			<xmax>1131</xmax>
			<ymax>1425</ymax>
		</bndbox>
	</object>
	<object>
		<name>Button</name>
		<pose>Unspecified</pose>
		<truncated>0</truncated>
		<difficult>0</difficult>
		<bndbox>
			<xmin>1285</xmin>
			<ymin>1123</ymin>
			<xmax>1558</xmax>
			<ymax>1274</ymax>
		</bndbox>
	</object>
	<object>
		<name>Button</name>
		<pose>Unspecified</pose>
		<truncated>0</truncated>
		<difficult>0</difficult>
		<bndbox>
			<xmin>1391</xmin>
			<ymin>907</ymin>
			<xmax>1689</xmax>
			<ymax>1047</ymax>
		</bndbox>
	</object>
	<object>
		<name>Button</name>
		<pose>Unspecified</pose>
		<truncated>0</truncated>
		<difficult>0</difficult>
		<bndbox>
			<xmin>118</xmin>
			<ymin>1641</ymin>
			<xmax>405</xmax>
			<ymax>1752</ymax>
		</bndbox>
	</object>
	<object>
		<name>Label</name>
		<pose>Unspecified</pose>
		<truncated>0</truncated>
		<difficult>0</difficult>
		<bndbox>
			<xmin>249</xmin>
			<ymin>223</ymin>
			<xmax>513</xmax>
			<ymax>359</ymax>
		</bndbox>
	</object>
	<object>
		<name>Label</name>
		<pose>Unspecified</pose>
		<truncated>0</truncated>
		<difficult>0</difficult>
		<bndbox>
			<xmin>587</xmin>
			<ymin>756</ymin>
			<xmax>822</xmax>
			<ymax>899</ymax>
		</bndbox>
	</object>
	<object>
		<name>Label</name>
		<pose>Unspecified</pose>
		<truncated>0</truncated>
		<difficult>0</difficult>
		<bndbox>
			<xmin>573</xmin>
			<ymin>972</ymin>
			<xmax>847</xmax>
			<ymax>1081</ymax>
		</bndbox>
	</object>
	<object>
		<name>Label</name>
		<pose>Unspecified</pose>
		<truncated>0</truncated>
		<difficult>0</difficult>
		<bndbox>
			<xmin>720</xmin>
			<ymin>1107</ymin>
			<xmax>969</xmax>
			<ymax>1225</ymax>
		</bndbox>
	</object>
	<object>
		<name>Label</name>
		<pose>Unspecified</pose>
		<truncated>0</truncated>
		<difficult>0</difficult>
		<bndbox>
			<xmin>120</xmin>
			<ymin>1047</ymin>
			<xmax>431</xmax>
			<ymax>1161</ymax>
		</bndbox>
	</object>
	<object>
		<name>Label</name>
		<pose>Unspecified</pose>
		<truncated>0</truncated>
		<difficult>0</difficult>
		<bndbox>
			<xmin>1476</xmin>
			<ymin>665</ymin>
			<xmax>1733</xmax>
			<ymax>774</ymax>
		</bndbox>
	</object>
	<object>
		<name>Label</name>
		<pose>Unspecified</pose>
		<truncated>0</truncated>
		<difficult>0</difficult>
		<bndbox>
			<xmin>1202</xmin>
			<ymin>1556</ymin>
			<xmax>1527</xmax>
			<ymax>1672</ymax>
		</bndbox>
	</object>
	<object>
		<name>Label</name>
		<pose>Unspecified</pose>
		<truncated>0</truncated>
		<difficult>0</difficult>
		<bndbox>
			<xmin>509</xmin>
			<ymin>1583</ymin>
			<xmax>771</xmax>
			<ymax>1701</ymax>
		</bndbox>
	</object>
	<object>
		<name>Label</name>
		<pose>Unspecified</pose>
		<truncated>0</truncated>
		<difficult>0</difficult>
		<bndbox>
			<xmin>747</xmin>
			<ymin>1779</ymin>
			<xmax>1038</xmax>
			<ymax>1894</ymax>
		</bndbox>
	</object>
	<object>
		<name>Label</name>
		<pose>Unspecified</pose>
		<truncated>0</truncated>
		<difficult>0</difficult>
		<bndbox>
			<xmin>1120</xmin>
			<ymin>1781</ymin>
			<xmax>1449</xmax>
			<ymax>1910</ymax>
		</bndbox>
	</object>
	<object>
		<name>Checkbox</name>
		<pose>Unspecified</pose>
		<truncated>0</truncated>
		<difficult>0</difficult>
		<bndbox>
			<xmin>442</xmin>
			<ymin>47</ymin>
			<xmax>585</xmax>
			<ymax>152</ymax>
		</bndbox>
	</object>
	<object>
		<name>Checkbox</name>
		<pose>Unspecified</pose>
		<truncated>0</truncated>
		<difficult>0</difficult>
		<bndbox>
			<xmin>800</xmin>
			<ymin>25</ymin>
			<xmax>933</xmax>
			<ymax>147</ymax>
		</bndbox>
	</object>
	<object>
		<name>Checkbox</name>
		<pose>Unspecified</pose>
		<truncated>0</truncated>
		<difficult>0</difficult>
		<bndbox>
			<xmin>1107</xmin>
			<ymin>25</ymin>
			<xmax>1247</xmax>
			<ymax>123</ymax>
		</bndbox>
	</object>
	<object>
		<name>Checkbox</name>
		<pose>Unspecified</pose>
		<truncated>0</truncated>
		<difficult>0</difficult>
		<bndbox>
			<xmin>1396</xmin>
			<ymin>12</ymin>
			<xmax>1565</xmax>
			<ymax>132</ymax>
		</bndbox>
	</object>
	<object>
		<name>Checkbox</name>
		<pose>Unspecified</pose>
		<truncated>0</truncated>
		<difficult>0</difficult>
		<bndbox>
			<xmin>1640</xmin>
			<ymin>16</ymin>
			<xmax>1809</xmax>
			<ymax>154</ymax>
		</bndbox>
	</object>
	<object>
		<name>Checkbox</name>
		<pose>Unspecified</pose>
		<truncated>0</truncated>
		<difficult>0</difficult>
		<bndbox>
			<xmin>1325</xmin>
			<ymin>252</ymin>
			<xmax>1436</xmax>
			<ymax>359</ymax>
		</bndbox>
	</object>
	<object>
		<name>Checkbox</name>
		<pose>Unspecified</pose>
		<truncated>0</truncated>
		<difficult>0</difficult>
		<bndbox>
			<xmin>1265</xmin>
			<ymin>541</ymin>
			<xmax>1398</xmax>
			<ymax>661</ymax>
		</bndbox>
	</object>
	<object>
		<name>Checkbox</name>
		<pose>Unspecified</pose>
		<truncated>0</truncated>
		<difficult>0</difficult>
		<bndbox>
			<xmin>1067</xmin>
			<ymin>685</ymin>
			<xmax>1196</xmax>
			<ymax>792</ymax>
		</bndbox>
	</object>
	<object>
		<name>Checkbox</name>
		<pose>Unspecified</pose>
		<truncated>0</truncated>
		<difficult>0</difficult>
		<bndbox>
			<xmin>851</xmin>
			<ymin>845</ymin>
			<xmax>987</xmax>
			<ymax>954</ymax>
		</bndbox>
	</object>
	<object>
		<name>Checkbox</name>
		<pose>Unspecified</pose>
		<truncated>0</truncated>
		<difficult>0</difficult>
		<bndbox>
			<xmin>1202</xmin>
			<ymin>870</ymin>
			<xmax>1338</xmax>
			<ymax>981</ymax>
		</bndbox>
	</object>
	<object>
		<name>Textbox</name>
		<pose>Unspecified</pose>
		<truncated>0</truncated>
		<difficult>0</difficult>
		<bndbox>
			<xmin>651</xmin>
			<ymin>170</ymin>
			<xmax>945</xmax>
			<ymax>321</ymax>
		</bndbox>
	</object>
	<object>
		<name>Textbox</name>
		<pose>Unspecified</pose>
		<truncated>0</truncated>
		<difficult>0</difficult>
		<bndbox>
			<xmin>1500</xmin>
			<ymin>210</ymin>
			<xmax>1758</xmax>
			<ymax>341</ymax>
		</bndbox>
	</object>
	<object>
		<name>Textbox</name>
		<pose>Unspecified</pose>
		<truncated>0</truncated>
		<difficult>0</difficult>
		<bndbox>
			<xmin>611</xmin>
			<ymin>372</ymin>
			<xmax>938</xmax>
			<ymax>505</ymax>
		</bndbox>
	</object>
	<object>
		<name>Textbox</name>
		<pose>Unspecified</pose>
		<truncated>0</truncated>
		<difficult>0</difficult>
		<bndbox>
			<xmin>591</xmin>
			<ymin>567</ymin>
			<xmax>882</xmax>
			<ymax>707</ymax>
		</bndbox>
	</object>
	<object>
		<name>Textbox</name>
		<pose>Unspecified</pose>
		<truncated>0</truncated>
		<difficult>0</difficult>
		<bndbox>
			<xmin>1478</xmin>
			<ymin>416</ymin>
			<xmax>1722</xmax>
			<ymax>550</ymax>
		</bndbox>
	</object>
	<object>
		<name>Textbox</name>
		<pose>Unspecified</pose>
		<truncated>0</truncated>
		<difficult>0</difficult>
		<bndbox>
			<xmin>553</xmin>
			<ymin>1261</ymin>
			<xmax>833</xmax>
			<ymax>1374</ymax>
		</bndbox>
	</object>
	<object>
		<name>Textbox</name>
		<pose>Unspecified</pose>
		<truncated>0</truncated>
		<difficult>0</difficult>
		<bndbox>
			<xmin>869</xmin>
			<ymin>1559</ymin>
			<xmax>1127</xmax>
			<ymax>1672</ymax>
		</bndbox>
	</object>
	<object>
		<name>Textbox</name>
		<pose>Unspecified</pose>
		<truncated>0</truncated>
		<difficult>0</difficult>
		<bndbox>
			<xmin>356</xmin>
			<ymin>1772</ymin>
			<xmax>647</xmax>
			<ymax>1894</ymax>
		</bndbox>
	</object>
	<object>
		<name>Textbox</name>
		<pose>Unspecified</pose>
		<truncated>0</truncated>
		<difficult>0</difficult>
		<bndbox>
			<xmin>89</xmin>
			<ymin>1481</ymin>
			<xmax>349</xmax>
			<ymax>1596</ymax>
		</bndbox>
	</object>
	<object>
		<name>Radio</name>
		<pose>Unspecified</pose>
		<truncated>0</truncated>
		<difficult>0</difficult>
		<bndbox>
			<xmin>31</xmin>
			<ymin>943</ymin>
			<xmax>118</xmax>
			<ymax>1050</ymax>
		</bndbox>
	</object>
	<object>
		<name>Radio</name>
		<pose>Unspecified</pose>
		<truncated>0</truncated>
		<difficult>0</difficult>
		<bndbox>
			<xmin>451</xmin>
			<ymin>1139</ymin>
			<xmax>558</xmax>
			<ymax>1241</ymax>
		</bndbox>
	</object>
	<object>
		<name>Radio</name>
		<pose>Unspecified</pose>
		<truncated>0</truncated>
		<difficult>0</difficult>
		<bndbox>
			<xmin>1051</xmin>
			<ymin>1145</ymin>
			<xmax>1171</xmax>
			<ymax>1252</ymax>
		</bndbox>
	</object>
	<object>
		<name>Radio</name>
		<pose>Unspecified</pose>
		<truncated>0</truncated>
		<difficult>0</difficult>
		<bndbox>
			<xmin>1651</xmin>
			<ymin>1074</ymin>
			<xmax>1758</xmax>
			<ymax>1187</ymax>
		</bndbox>
	</object>
	<object>
		<name>Radio</name>
		<pose>Unspecified</pose>
		<truncated>0</truncated>
		<difficult>0</difficult>
		<bndbox>
			<xmin>1709</xmin>
			<ymin>543</ymin>
			<xmax>1816</xmax>
			<ymax>647</ymax>
		</bndbox>
	</object>
	<object>
		<name>Radio</name>
		<pose>Unspecified</pose>
		<truncated>0</truncated>
		<difficult>0</difficult>
		<bndbox>
			<xmin>1718</xmin>
			<ymin>794</ymin>
			<xmax>1818</xmax>
			<ymax>901</ymax>
		</bndbox>
	</object>
	<object>
		<name>Radio</name>
		<pose>Unspecified</pose>
		<truncated>0</truncated>
		<difficult>0</difficult>
		<bndbox>
			<xmin>1680</xmin>
			<ymin>1245</ymin>
			<xmax>1802</xmax>
			<ymax>1365</ymax>
		</bndbox>
	</object>
	<object>
		<name>Radio</name>
		<pose>Unspecified</pose>
		<truncated>0</truncated>
		<difficult>0</difficult>
		<bndbox>
			<xmin>1609</xmin>
			<ymin>1410</ymin>
			<xmax>1722</xmax>
			<ymax>1514</ymax>
		</bndbox>
	</object>
	<object>
		<name>Radio</name>
		<pose>Unspecified</pose>
		<truncated>0</truncated>
		<difficult>0</difficult>
		<bndbox>
			<xmin>1098</xmin>
			<ymin>1425</ymin>
			<xmax>1193</xmax>
			<ymax>1539</ymax>
		</bndbox>
	</object>
	<object>
		<name>Radio</name>
		<pose>Unspecified</pose>
		<truncated>0</truncated>
		<difficult>0</difficult>
		<bndbox>
			<xmin>362</xmin>
			<ymin>1352</ymin>
			<xmax>462</xmax>
			<ymax>1452</ymax>
		</bndbox>
	</object>
</annotation>
