<annotation>
	<folder>image_dataset</folder>
	<filename>17.jpg</filename>
	<path>E:\Project 2022\Automatic-HTML-Code-Generation-from-Images\Automatic-HTML-Code-Generation-from-Images-master\image_dataset\17.jpg</path>
	<source>
		<database>Unknown</database>
	</source>
	<size>
		<width>1836</width>
		<height>2060</height>
		<depth>3</depth>
	</size>
	<segmented>0</segmented>
	<object>
		<name>Button</name>
		<pose>Unspecified</pose>
		<truncated>0</truncated>
		<difficult>0</difficult>
		<bndbox>
			<xmin>17</xmin>
			<ymin>98</ymin>
			<xmax>385</xmax>
			<ymax>243</ymax>
		</bndbox>
	</object>
	<object>
		<name>Button</name>
		<pose>Unspecified</pose>
		<truncated>0</truncated>
		<difficult>0</difficult>
		<bndbox>
			<xmin>268</xmin>
			<ymin>247</ymin>
			<xmax>697</xmax>
			<ymax>403</ymax>
		</bndbox>
	</object>
	<object>
		<name>Button</name>
		<pose>Unspecified</pose>
		<truncated>0</truncated>
		<difficult>0</difficult>
		<bndbox>
			<xmin>65</xmin>
			<ymin>1387</ymin>
			<xmax>372</xmax>
			<ymax>1520</ymax>
		</bndbox>
	</object>
	<object>
		<name>Button</name>
		<pose>Unspecified</pose>
		<truncated>0</truncated>
		<difficult>0</difficult>
		<bndbox>
			<xmin>534</xmin>
			<ymin>1558</ymin>
			<xmax>865</xmax>
			<ymax>1689</ymax>
		</bndbox>
	</object>
	<object>
		<name>Button</name>
		<pose>Unspecified</pose>
		<truncated>0</truncated>
		<difficult>0</difficult>
		<bndbox>
			<xmin>612</xmin>
			<ymin>1867</ymin>
			<xmax>903</xmax>
			<ymax>2005</ymax>
		</bndbox>
	</object>
	<object>
		<name>Button</name>
		<pose>Unspecified</pose>
		<truncated>0</truncated>
		<difficult>0</difficult>
		<bndbox>
			<xmin>154</xmin>
			<ymin>1778</ymin>
			<xmax>468</xmax>
			<ymax>1903</ymax>
		</bndbox>
	</object>
	<object>
		<name>Button</name>
		<pose>Unspecified</pose>
		<truncated>0</truncated>
		<difficult>0</difficult>
		<bndbox>
			<xmin>592</xmin>
			<ymin>456</ymin>
			<xmax>843</xmax>
			<ymax>574</ymax>
		</bndbox>
	</object>
	<object>
		<name>Button</name>
		<pose>Unspecified</pose>
		<truncated>0</truncated>
		<difficult>0</difficult>
		<bndbox>
			<xmin>101</xmin>
			<ymin>483</ymin>
			<xmax>445</xmax>
			<ymax>614</ymax>
		</bndbox>
	</object>
	<object>
		<name>Button</name>
		<pose>Unspecified</pose>
		<truncated>0</truncated>
		<difficult>0</difficult>
		<bndbox>
			<xmin>485</xmin>
			<ymin>600</ymin>
			<xmax>788</xmax>
			<ymax>723</ymax>
		</bndbox>
	</object>
	<object>
		<name>Button</name>
		<pose>Unspecified</pose>
		<truncated>0</truncated>
		<difficult>0</difficult>
		<bndbox>
			<xmin>79</xmin>
			<ymin>718</ymin>
			<xmax>421</xmax>
			<ymax>843</ymax>
		</bndbox>
	</object>
	<object>
		<name>Label</name>
		<pose>Unspecified</pose>
		<truncated>0</truncated>
		<difficult>0</difficult>
		<bndbox>
			<xmin>443</xmin>
			<ymin>74</ymin>
			<xmax>645</xmax>
			<ymax>178</ymax>
		</bndbox>
	</object>
	<object>
		<name>Label</name>
		<pose>Unspecified</pose>
		<truncated>0</truncated>
		<difficult>0</difficult>
		<bndbox>
			<xmin>728</xmin>
			<ymin>36</ymin>
			<xmax>1083</xmax>
			<ymax>147</ymax>
		</bndbox>
	</object>
	<object>
		<name>Label</name>
		<pose>Unspecified</pose>
		<truncated>1</truncated>
		<difficult>0</difficult>
		<bndbox>
			<xmin>1208</xmin>
			<ymin>1</ymin>
			<xmax>1539</xmax>
			<ymax>89</ymax>
		</bndbox>
	</object>
	<object>
		<name>Label</name>
		<pose>Unspecified</pose>
		<truncated>0</truncated>
		<difficult>0</difficult>
		<bndbox>
			<xmin>908</xmin>
			<ymin>149</ymin>
			<xmax>1212</xmax>
			<ymax>240</ymax>
		</bndbox>
	</object>
	<object>
		<name>Label</name>
		<pose>Unspecified</pose>
		<truncated>0</truncated>
		<difficult>0</difficult>
		<bndbox>
			<xmin>1090</xmin>
			<ymin>240</ymin>
			<xmax>1443</xmax>
			<ymax>340</ymax>
		</bndbox>
	</object>
	<object>
		<name>Label</name>
		<pose>Unspecified</pose>
		<truncated>0</truncated>
		<difficult>0</difficult>
		<bndbox>
			<xmin>1601</xmin>
			<ymin>460</ymin>
			<xmax>1817</xmax>
			<ymax>569</ymax>
		</bndbox>
	</object>
	<object>
		<name>Label</name>
		<pose>Unspecified</pose>
		<truncated>0</truncated>
		<difficult>0</difficult>
		<bndbox>
			<xmin>745</xmin>
			<ymin>338</ymin>
			<xmax>1034</xmax>
			<ymax>431</ymax>
		</bndbox>
	</object>
	<object>
		<name>Label</name>
		<pose>Unspecified</pose>
		<truncated>1</truncated>
		<difficult>0</difficult>
		<bndbox>
			<xmin>1</xmin>
			<ymin>320</ymin>
			<xmax>205</xmax>
			<ymax>425</ymax>
		</bndbox>
	</object>
	<object>
		<name>Label</name>
		<pose>Unspecified</pose>
		<truncated>0</truncated>
		<difficult>0</difficult>
		<bndbox>
			<xmin>1292</xmin>
			<ymin>1425</ymin>
			<xmax>1521</xmax>
			<ymax>1516</ymax>
		</bndbox>
	</object>
	<object>
		<name>Label</name>
		<pose>Unspecified</pose>
		<truncated>0</truncated>
		<difficult>0</difficult>
		<bndbox>
			<xmin>1570</xmin>
			<ymin>1300</ymin>
			<xmax>1834</xmax>
			<ymax>1411</ymax>
		</bndbox>
	</object>
	<object>
		<name>Textbox</name>
		<pose>Unspecified</pose>
		<truncated>0</truncated>
		<difficult>0</difficult>
		<bndbox>
			<xmin>914</xmin>
			<ymin>527</ymin>
			<xmax>1197</xmax>
			<ymax>638</ymax>
		</bndbox>
	</object>
	<object>
		<name>Textbox</name>
		<pose>Unspecified</pose>
		<truncated>0</truncated>
		<difficult>0</difficult>
		<bndbox>
			<xmin>1272</xmin>
			<ymin>543</ymin>
			<xmax>1532</xmax>
			<ymax>658</ymax>
		</bndbox>
	</object>
	<object>
		<name>Textbox</name>
		<pose>Unspecified</pose>
		<truncated>1</truncated>
		<difficult>0</difficult>
		<bndbox>
			<xmin>1588</xmin>
			<ymin>614</ymin>
			<xmax>1836</xmax>
			<ymax>738</ymax>
		</bndbox>
	</object>
	<object>
		<name>Textbox</name>
		<pose>Unspecified</pose>
		<truncated>0</truncated>
		<difficult>0</difficult>
		<bndbox>
			<xmin>1045</xmin>
			<ymin>680</ymin>
			<xmax>1343</xmax>
			<ymax>796</ymax>
		</bndbox>
	</object>
	<object>
		<name>Textbox</name>
		<pose>Unspecified</pose>
		<truncated>0</truncated>
		<difficult>0</difficult>
		<bndbox>
			<xmin>1441</xmin>
			<ymin>765</ymin>
			<xmax>1679</xmax>
			<ymax>871</ymax>
		</bndbox>
	</object>
	<object>
		<name>Textbox</name>
		<pose>Unspecified</pose>
		<truncated>0</truncated>
		<difficult>0</difficult>
		<bndbox>
			<xmin>568</xmin>
			<ymin>1340</ymin>
			<xmax>897</xmax>
			<ymax>1485</ymax>
		</bndbox>
	</object>
	<object>
		<name>Textbox</name>
		<pose>Unspecified</pose>
		<truncated>0</truncated>
		<difficult>0</difficult>
		<bndbox>
			<xmin>990</xmin>
			<ymin>1425</ymin>
			<xmax>1234</xmax>
			<ymax>1551</ymax>
		</bndbox>
	</object>
	<object>
		<name>Textbox</name>
		<pose>Unspecified</pose>
		<truncated>0</truncated>
		<difficult>0</difficult>
		<bndbox>
			<xmin>197</xmin>
			<ymin>1567</ymin>
			<xmax>430</xmax>
			<ymax>1707</ymax>
		</bndbox>
	</object>
	<object>
		<name>Textbox</name>
		<pose>Unspecified</pose>
		<truncated>0</truncated>
		<difficult>0</difficult>
		<bndbox>
			<xmin>650</xmin>
			<ymin>1696</ymin>
			<xmax>917</xmax>
			<ymax>1823</ymax>
		</bndbox>
	</object>
	<object>
		<name>Textbox</name>
		<pose>Unspecified</pose>
		<truncated>0</truncated>
		<difficult>0</difficult>
		<bndbox>
			<xmin>192</xmin>
			<ymin>1931</ymin>
			<xmax>492</xmax>
			<ymax>2051</ymax>
		</bndbox>
	</object>
	<object>
		<name>Radio</name>
		<pose>Unspecified</pose>
		<truncated>1</truncated>
		<difficult>0</difficult>
		<bndbox>
			<xmin>1690</xmin>
			<ymin>1</ymin>
			<xmax>1781</xmax>
			<ymax>85</ymax>
		</bndbox>
	</object>
	<object>
		<name>Radio</name>
		<pose>Unspecified</pose>
		<truncated>0</truncated>
		<difficult>0</difficult>
		<bndbox>
			<xmin>1550</xmin>
			<ymin>103</ymin>
			<xmax>1637</xmax>
			<ymax>183</ymax>
		</bndbox>
	</object>
	<object>
		<name>Radio</name>
		<pose>Unspecified</pose>
		<truncated>0</truncated>
		<difficult>0</difficult>
		<bndbox>
			<xmin>1683</xmin>
			<ymin>194</ymin>
			<xmax>1774</xmax>
			<ymax>276</ymax>
		</bndbox>
	</object>
	<object>
		<name>Radio</name>
		<pose>Unspecified</pose>
		<truncated>0</truncated>
		<difficult>0</difficult>
		<bndbox>
			<xmin>1545</xmin>
			<ymin>240</ymin>
			<xmax>1639</xmax>
			<ymax>318</ymax>
		</bndbox>
	</object>
	<object>
		<name>Radio</name>
		<pose>Unspecified</pose>
		<truncated>0</truncated>
		<difficult>0</difficult>
		<bndbox>
			<xmin>1574</xmin>
			<ymin>365</ymin>
			<xmax>1668</xmax>
			<ymax>454</ymax>
		</bndbox>
	</object>
	<object>
		<name>Radio</name>
		<pose>Unspecified</pose>
		<truncated>0</truncated>
		<difficult>0</difficult>
		<bndbox>
			<xmin>1390</xmin>
			<ymin>365</ymin>
			<xmax>1488</xmax>
			<ymax>449</ymax>
		</bndbox>
	</object>
	<object>
		<name>Radio</name>
		<pose>Unspecified</pose>
		<truncated>0</truncated>
		<difficult>0</difficult>
		<bndbox>
			<xmin>1725</xmin>
			<ymin>814</ymin>
			<xmax>1814</xmax>
			<ymax>914</ymax>
		</bndbox>
	</object>
	<object>
		<name>Radio</name>
		<pose>Unspecified</pose>
		<truncated>0</truncated>
		<difficult>0</difficult>
		<bndbox>
			<xmin>1725</xmin>
			<ymin>1109</ymin>
			<xmax>1812</xmax>
			<ymax>1211</ymax>
		</bndbox>
	</object>
	<object>
		<name>Radio</name>
		<pose>Unspecified</pose>
		<truncated>0</truncated>
		<difficult>0</difficult>
		<bndbox>
			<xmin>1212</xmin>
			<ymin>1298</ymin>
			<xmax>1303</xmax>
			<ymax>1398</ymax>
		</bndbox>
	</object>
	<object>
		<name>Radio</name>
		<pose>Unspecified</pose>
		<truncated>0</truncated>
		<difficult>0</difficult>
		<bndbox>
			<xmin>1359</xmin>
			<ymin>1289</ymin>
			<xmax>1465</xmax>
			<ymax>1398</ymax>
		</bndbox>
	</object>
	<object>
		<name>Image</name>
		<pose>Unspecified</pose>
		<truncated>0</truncated>
		<difficult>0</difficult>
		<bndbox>
			<xmin>528</xmin>
			<ymin>756</ymin>
			<xmax>921</xmax>
			<ymax>918</ymax>
		</bndbox>
	</object>
	<object>
		<name>Image</name>
		<pose>Unspecified</pose>
		<truncated>0</truncated>
		<difficult>0</difficult>
		<bndbox>
			<xmin>537</xmin>
			<ymin>951</ymin>
			<xmax>932</xmax>
			<ymax>1109</ymax>
		</bndbox>
	</object>
	<object>
		<name>Image</name>
		<pose>Unspecified</pose>
		<truncated>1</truncated>
		<difficult>0</difficult>
		<bndbox>
			<xmin>1</xmin>
			<ymin>925</ymin>
			<xmax>465</xmax>
			<ymax>1114</ymax>
		</bndbox>
	</object>
	<object>
		<name>Image</name>
		<pose>Unspecified</pose>
		<truncated>0</truncated>
		<difficult>0</difficult>
		<bndbox>
			<xmin>561</xmin>
			<ymin>1149</ymin>
			<xmax>970</xmax>
			<ymax>1311</ymax>
		</bndbox>
	</object>
	<object>
		<name>Image</name>
		<pose>Unspecified</pose>
		<truncated>1</truncated>
		<difficult>0</difficult>
		<bndbox>
			<xmin>1</xmin>
			<ymin>1165</ymin>
			<xmax>468</xmax>
			<ymax>1336</ymax>
		</bndbox>
	</object>
	<object>
		<name>Image</name>
		<pose>Unspecified</pose>
		<truncated>0</truncated>
		<difficult>0</difficult>
		<bndbox>
			<xmin>1405</xmin>
			<ymin>1529</ymin>
			<xmax>1719</xmax>
			<ymax>1654</ymax>
		</bndbox>
	</object>
	<object>
		<name>Image</name>
		<pose>Unspecified</pose>
		<truncated>0</truncated>
		<difficult>0</difficult>
		<bndbox>
			<xmin>983</xmin>
			<ymin>1565</ymin>
			<xmax>1317</xmax>
			<ymax>1683</ymax>
		</bndbox>
	</object>
	<object>
		<name>Image</name>
		<pose>Unspecified</pose>
		<truncated>0</truncated>
		<difficult>0</difficult>
		<bndbox>
			<xmin>1352</xmin>
			<ymin>1698</ymin>
			<xmax>1761</xmax>
			<ymax>1838</ymax>
		</bndbox>
	</object>
	<object>
		<name>Image</name>
		<pose>Unspecified</pose>
		<truncated>0</truncated>
		<difficult>0</difficult>
		<bndbox>
			<xmin>1030</xmin>
			<ymin>1698</ymin>
			<xmax>1257</xmax>
			<ymax>1838</ymax>
		</bndbox>
	</object>
	<object>
		<name>Image</name>
		<pose>Unspecified</pose>
		<truncated>0</truncated>
		<difficult>0</difficult>
		<bndbox>
			<xmin>1170</xmin>
			<ymin>1860</ymin>
			<xmax>1559</xmax>
			<ymax>2020</ymax>
		</bndbox>
	</object>
	<object>
		<name>Checkbox</name>
		<pose>Unspecified</pose>
		<truncated>0</truncated>
		<difficult>0</difficult>
		<bndbox>
			<xmin>1090</xmin>
			<ymin>876</ymin>
			<xmax>1239</xmax>
			<ymax>983</ymax>
		</bndbox>
	</object>
	<object>
		<name>Checkbox</name>
		<pose>Unspecified</pose>
		<truncated>0</truncated>
		<difficult>0</difficult>
		<bndbox>
			<xmin>1350</xmin>
			<ymin>896</ymin>
			<xmax>1472</xmax>
			<ymax>989</ymax>
		</bndbox>
	</object>
	<object>
		<name>Checkbox</name>
		<pose>Unspecified</pose>
		<truncated>0</truncated>
		<difficult>0</difficult>
		<bndbox>
			<xmin>1552</xmin>
			<ymin>903</ymin>
			<xmax>1659</xmax>
			<ymax>998</ymax>
		</bndbox>
	</object>
	<object>
		<name>Checkbox</name>
		<pose>Unspecified</pose>
		<truncated>0</truncated>
		<difficult>0</difficult>
		<bndbox>
			<xmin>1708</xmin>
			<ymin>969</ymin>
			<xmax>1805</xmax>
			<ymax>1056</ymax>
		</bndbox>
	</object>
	<object>
		<name>Checkbox</name>
		<pose>Unspecified</pose>
		<truncated>0</truncated>
		<difficult>0</difficult>
		<bndbox>
			<xmin>1541</xmin>
			<ymin>1034</ymin>
			<xmax>1654</xmax>
			<ymax>1125</ymax>
		</bndbox>
	</object>
	<object>
		<name>Checkbox</name>
		<pose>Unspecified</pose>
		<truncated>0</truncated>
		<difficult>0</difficult>
		<bndbox>
			<xmin>1337</xmin>
			<ymin>1036</ymin>
			<xmax>1443</xmax>
			<ymax>1129</ymax>
		</bndbox>
	</object>
	<object>
		<name>Checkbox</name>
		<pose>Unspecified</pose>
		<truncated>0</truncated>
		<difficult>0</difficult>
		<bndbox>
			<xmin>1543</xmin>
			<ymin>1165</ymin>
			<xmax>1661</xmax>
			<ymax>1267</ymax>
		</bndbox>
	</object>
	<object>
		<name>Checkbox</name>
		<pose>Unspecified</pose>
		<truncated>0</truncated>
		<difficult>0</difficult>
		<bndbox>
			<xmin>1117</xmin>
			<ymin>1018</ymin>
			<xmax>1252</xmax>
			<ymax>1136</ymax>
		</bndbox>
	</object>
	<object>
		<name>Checkbox</name>
		<pose>Unspecified</pose>
		<truncated>0</truncated>
		<difficult>0</difficult>
		<bndbox>
			<xmin>1121</xmin>
			<ymin>1180</ymin>
			<xmax>1217</xmax>
			<ymax>1269</ymax>
		</bndbox>
	</object>
	<object>
		<name>Checkbox</name>
		<pose>Unspecified</pose>
		<truncated>0</truncated>
		<difficult>0</difficult>
		<bndbox>
			<xmin>1332</xmin>
			<ymin>1174</ymin>
			<xmax>1441</xmax>
			<ymax>1267</ymax>
		</bndbox>
	</object>
</annotation>
