<annotation>
	<folder>image_dataset</folder>
	<filename>26.jpg</filename>
	<path>E:\Project 2022\Automatic-HTML-Code-Generation-from-Images\Automatic-HTML-Code-Generation-from-Images-master\image_dataset\26.jpg</path>
	<source>
		<database>Unknown</database>
	</source>
	<size>
		<width>1952</width>
		<height>2140</height>
		<depth>3</depth>
	</size>
	<segmented>0</segmented>
	<object>
		<name>Button</name>
		<pose>Unspecified</pose>
		<truncated>0</truncated>
		<difficult>0</difficult>
		<bndbox>
			<xmin>51</xmin>
			<ymin>56</ymin>
			<xmax>340</xmax>
			<ymax>202</ymax>
		</bndbox>
	</object>
	<object>
		<name>Button</name>
		<pose>Unspecified</pose>
		<truncated>0</truncated>
		<difficult>0</difficult>
		<bndbox>
			<xmin>281</xmin>
			<ymin>344</ymin>
			<xmax>623</xmax>
			<ymax>477</ymax>
		</bndbox>
	</object>
	<object>
		<name>Button</name>
		<pose>Unspecified</pose>
		<truncated>0</truncated>
		<difficult>0</difficult>
		<bndbox>
			<xmin>156</xmin>
			<ymin>691</ymin>
			<xmax>509</xmax>
			<ymax>826</ymax>
		</bndbox>
	</object>
	<object>
		<name>Button</name>
		<pose>Unspecified</pose>
		<truncated>0</truncated>
		<difficult>0</difficult>
		<bndbox>
			<xmin>230</xmin>
			<ymin>1028</ymin>
			<xmax>600</xmax>
			<ymax>1191</ymax>
		</bndbox>
	</object>
	<object>
		<name>Button</name>
		<pose>Unspecified</pose>
		<truncated>0</truncated>
		<difficult>0</difficult>
		<bndbox>
			<xmin>112</xmin>
			<ymin>1249</ymin>
			<xmax>493</xmax>
			<ymax>1423</ymax>
		</bndbox>
	</object>
	<object>
		<name>Button</name>
		<pose>Unspecified</pose>
		<truncated>0</truncated>
		<difficult>0</difficult>
		<bndbox>
			<xmin>681</xmin>
			<ymin>1502</ymin>
			<xmax>1068</xmax>
			<ymax>1670</ymax>
		</bndbox>
	</object>
	<object>
		<name>Button</name>
		<pose>Unspecified</pose>
		<truncated>0</truncated>
		<difficult>0</difficult>
		<bndbox>
			<xmin>723</xmin>
			<ymin>1702</ymin>
			<xmax>1119</xmax>
			<ymax>1851</ymax>
		</bndbox>
	</object>
	<object>
		<name>Button</name>
		<pose>Unspecified</pose>
		<truncated>0</truncated>
		<difficult>0</difficult>
		<bndbox>
			<xmin>1574</xmin>
			<ymin>1988</ymin>
			<xmax>1856</xmax>
			<ymax>2112</ymax>
		</bndbox>
	</object>
	<object>
		<name>Button</name>
		<pose>Unspecified</pose>
		<truncated>0</truncated>
		<difficult>0</difficult>
		<bndbox>
			<xmin>586</xmin>
			<ymin>1967</ymin>
			<xmax>944</xmax>
			<ymax>2109</ymax>
		</bndbox>
	</object>
	<object>
		<name>Button</name>
		<pose>Unspecified</pose>
		<truncated>1</truncated>
		<difficult>0</difficult>
		<bndbox>
			<xmin>1056</xmin>
			<ymin>2014</ymin>
			<xmax>1354</xmax>
			<ymax>2140</ymax>
		</bndbox>
	</object>
	<object>
		<name>Textbox</name>
		<pose>Unspecified</pose>
		<truncated>0</truncated>
		<difficult>0</difficult>
		<bndbox>
			<xmin>549</xmin>
			<ymin>158</ymin>
			<xmax>877</xmax>
			<ymax>293</ymax>
		</bndbox>
	</object>
	<object>
		<name>Textbox</name>
		<pose>Unspecified</pose>
		<truncated>0</truncated>
		<difficult>0</difficult>
		<bndbox>
			<xmin>895</xmin>
			<ymin>481</ymin>
			<xmax>1212</xmax>
			<ymax>591</ymax>
		</bndbox>
	</object>
	<object>
		<name>Textbox</name>
		<pose>Unspecified</pose>
		<truncated>0</truncated>
		<difficult>0</difficult>
		<bndbox>
			<xmin>1400</xmin>
			<ymin>460</ymin>
			<xmax>1716</xmax>
			<ymax>584</ymax>
		</bndbox>
	</object>
	<object>
		<name>Textbox</name>
		<pose>Unspecified</pose>
		<truncated>0</truncated>
		<difficult>0</difficult>
		<bndbox>
			<xmin>854</xmin>
			<ymin>656</ymin>
			<xmax>1161</xmax>
			<ymax>793</ymax>
		</bndbox>
	</object>
	<object>
		<name>Textbox</name>
		<pose>Unspecified</pose>
		<truncated>0</truncated>
		<difficult>0</difficult>
		<bndbox>
			<xmin>1221</xmin>
			<ymin>835</ymin>
			<xmax>1574</xmax>
			<ymax>965</ymax>
		</bndbox>
	</object>
	<object>
		<name>Textbox</name>
		<pose>Unspecified</pose>
		<truncated>0</truncated>
		<difficult>0</difficult>
		<bndbox>
			<xmin>958</xmin>
			<ymin>998</ymin>
			<xmax>1319</xmax>
			<ymax>1132</ymax>
		</bndbox>
	</object>
	<object>
		<name>Textbox</name>
		<pose>Unspecified</pose>
		<truncated>0</truncated>
		<difficult>0</difficult>
		<bndbox>
			<xmin>1195</xmin>
			<ymin>1351</ymin>
			<xmax>1584</xmax>
			<ymax>1495</ymax>
		</bndbox>
	</object>
	<object>
		<name>Textbox</name>
		<pose>Unspecified</pose>
		<truncated>0</truncated>
		<difficult>0</difficult>
		<bndbox>
			<xmin>1479</xmin>
			<ymin>1570</ymin>
			<xmax>1795</xmax>
			<ymax>1739</ymax>
		</bndbox>
	</object>
	<object>
		<name>Textbox</name>
		<pose>Unspecified</pose>
		<truncated>0</truncated>
		<difficult>0</difficult>
		<bndbox>
			<xmin>1293</xmin>
			<ymin>1767</ymin>
			<xmax>1591</xmax>
			<ymax>1932</ymax>
		</bndbox>
	</object>
	<object>
		<name>Textbox</name>
		<pose>Unspecified</pose>
		<truncated>0</truncated>
		<difficult>0</difficult>
		<bndbox>
			<xmin>679</xmin>
			<ymin>1302</ymin>
			<xmax>1014</xmax>
			<ymax>1451</ymax>
		</bndbox>
	</object>
	<object>
		<name>Checkbox</name>
		<pose>Unspecified</pose>
		<truncated>0</truncated>
		<difficult>0</difficult>
		<bndbox>
			<xmin>51</xmin>
			<ymin>286</ymin>
			<xmax>207</xmax>
			<ymax>419</ymax>
		</bndbox>
	</object>
	<object>
		<name>Checkbox</name>
		<pose>Unspecified</pose>
		<truncated>0</truncated>
		<difficult>0</difficult>
		<bndbox>
			<xmin>335</xmin>
			<ymin>186</ymin>
			<xmax>479</xmax>
			<ymax>298</ymax>
		</bndbox>
	</object>
	<object>
		<name>Checkbox</name>
		<pose>Unspecified</pose>
		<truncated>0</truncated>
		<difficult>0</difficult>
		<bndbox>
			<xmin>902</xmin>
			<ymin>353</ymin>
			<xmax>1047</xmax>
			<ymax>474</ymax>
		</bndbox>
	</object>
	<object>
		<name>Checkbox</name>
		<pose>Unspecified</pose>
		<truncated>0</truncated>
		<difficult>0</difficult>
		<bndbox>
			<xmin>693</xmin>
			<ymin>393</ymin>
			<xmax>835</xmax>
			<ymax>516</ymax>
		</bndbox>
	</object>
	<object>
		<name>Checkbox</name>
		<pose>Unspecified</pose>
		<truncated>0</truncated>
		<difficult>0</difficult>
		<bndbox>
			<xmin>330</xmin>
			<ymin>512</ymin>
			<xmax>465</xmax>
			<ymax>635</ymax>
		</bndbox>
	</object>
	<object>
		<name>Checkbox</name>
		<pose>Unspecified</pose>
		<truncated>0</truncated>
		<difficult>0</difficult>
		<bndbox>
			<xmin>588</xmin>
			<ymin>595</ymin>
			<xmax>747</xmax>
			<ymax>698</ymax>
		</bndbox>
	</object>
	<object>
		<name>Checkbox</name>
		<pose>Unspecified</pose>
		<truncated>0</truncated>
		<difficult>0</difficult>
		<bndbox>
			<xmin>549</xmin>
			<ymin>1742</ymin>
			<xmax>686</xmax>
			<ymax>1860</ymax>
		</bndbox>
	</object>
	<object>
		<name>Checkbox</name>
		<pose>Unspecified</pose>
		<truncated>0</truncated>
		<difficult>0</difficult>
		<bndbox>
			<xmin>1807</xmin>
			<ymin>1465</ymin>
			<xmax>1935</xmax>
			<ymax>1577</ymax>
		</bndbox>
	</object>
	<object>
		<name>Image</name>
		<pose>Unspecified</pose>
		<truncated>0</truncated>
		<difficult>0</difficult>
		<bndbox>
			<xmin>979</xmin>
			<ymin>163</ymin>
			<xmax>1181</xmax>
			<ymax>337</ymax>
		</bndbox>
	</object>
	<object>
		<name>Image</name>
		<pose>Unspecified</pose>
		<truncated>0</truncated>
		<difficult>0</difficult>
		<bndbox>
			<xmin>1742</xmin>
			<ymin>139</ymin>
			<xmax>1905</xmax>
			<ymax>272</ymax>
		</bndbox>
	</object>
	<object>
		<name>Image</name>
		<pose>Unspecified</pose>
		<truncated>1</truncated>
		<difficult>0</difficult>
		<bndbox>
			<xmin>1742</xmin>
			<ymin>363</ymin>
			<xmax>1952</xmax>
			<ymax>481</ymax>
		</bndbox>
	</object>
	<object>
		<name>Image</name>
		<pose>Unspecified</pose>
		<truncated>0</truncated>
		<difficult>0</difficult>
		<bndbox>
			<xmin>686</xmin>
			<ymin>1042</ymin>
			<xmax>900</xmax>
			<ymax>1174</ymax>
		</bndbox>
	</object>
	<object>
		<name>Image</name>
		<pose>Unspecified</pose>
		<truncated>0</truncated>
		<difficult>0</difficult>
		<bndbox>
			<xmin>1300</xmin>
			<ymin>1146</ymin>
			<xmax>1481</xmax>
			<ymax>1274</ymax>
		</bndbox>
	</object>
	<object>
		<name>Image</name>
		<pose>Unspecified</pose>
		<truncated>0</truncated>
		<difficult>0</difficult>
		<bndbox>
			<xmin>1679</xmin>
			<ymin>1300</ymin>
			<xmax>1940</xmax>
			<ymax>1416</ymax>
		</bndbox>
	</object>
	<object>
		<name>Image</name>
		<pose>Unspecified</pose>
		<truncated>0</truncated>
		<difficult>0</difficult>
		<bndbox>
			<xmin>265</xmin>
			<ymin>1442</ymin>
			<xmax>493</xmax>
			<ymax>1591</ymax>
		</bndbox>
	</object>
	<object>
		<name>Image</name>
		<pose>Unspecified</pose>
		<truncated>0</truncated>
		<difficult>0</difficult>
		<bndbox>
			<xmin>1712</xmin>
			<ymin>1784</ymin>
			<xmax>1912</xmax>
			<ymax>1921</ymax>
		</bndbox>
	</object>
	<object>
		<name>Image</name>
		<pose>Unspecified</pose>
		<truncated>0</truncated>
		<difficult>0</difficult>
		<bndbox>
			<xmin>56</xmin>
			<ymin>1988</ymin>
			<xmax>309</xmax>
			<ymax>2135</ymax>
		</bndbox>
	</object>
	<object>
		<name>Image</name>
		<pose>Unspecified</pose>
		<truncated>0</truncated>
		<difficult>0</difficult>
		<bndbox>
			<xmin>1035</xmin>
			<ymin>1863</ymin>
			<xmax>1226</xmax>
			<ymax>1991</ymax>
		</bndbox>
	</object>
	<object>
		<name>Label</name>
		<pose>Unspecified</pose>
		<truncated>0</truncated>
		<difficult>0</difficult>
		<bndbox>
			<xmin>1319</xmin>
			<ymin>102</ymin>
			<xmax>1635</xmax>
			<ymax>198</ymax>
		</bndbox>
	</object>
	<object>
		<name>Label</name>
		<pose>Unspecified</pose>
		<truncated>0</truncated>
		<difficult>0</difficult>
		<bndbox>
			<xmin>1291</xmin>
			<ymin>265</ymin>
			<xmax>1654</xmax>
			<ymax>377</ymax>
		</bndbox>
	</object>
	<object>
		<name>Label</name>
		<pose>Unspecified</pose>
		<truncated>0</truncated>
		<difficult>0</difficult>
		<bndbox>
			<xmin>1386</xmin>
			<ymin>635</ymin>
			<xmax>1728</xmax>
			<ymax>774</ymax>
		</bndbox>
	</object>
	<object>
		<name>Label</name>
		<pose>Unspecified</pose>
		<truncated>0</truncated>
		<difficult>0</difficult>
		<bndbox>
			<xmin>1663</xmin>
			<ymin>874</ymin>
			<xmax>1907</xmax>
			<ymax>988</ymax>
		</bndbox>
	</object>
	<object>
		<name>Label</name>
		<pose>Unspecified</pose>
		<truncated>0</truncated>
		<difficult>0</difficult>
		<bndbox>
			<xmin>1512</xmin>
			<ymin>1086</ymin>
			<xmax>1795</xmax>
			<ymax>1219</ymax>
		</bndbox>
	</object>
	<object>
		<name>Label</name>
		<pose>Unspecified</pose>
		<truncated>0</truncated>
		<difficult>0</difficult>
		<bndbox>
			<xmin>593</xmin>
			<ymin>812</ymin>
			<xmax>886</xmax>
			<ymax>944</ymax>
		</bndbox>
	</object>
	<object>
		<name>Label</name>
		<pose>Unspecified</pose>
		<truncated>0</truncated>
		<difficult>0</difficult>
		<bndbox>
			<xmin>1191</xmin>
			<ymin>1553</ymin>
			<xmax>1433</xmax>
			<ymax>1658</ymax>
		</bndbox>
	</object>
	<object>
		<name>Label</name>
		<pose>Unspecified</pose>
		<truncated>0</truncated>
		<difficult>0</difficult>
		<bndbox>
			<xmin>177</xmin>
			<ymin>1637</ymin>
			<xmax>514</xmax>
			<ymax>1770</ymax>
		</bndbox>
	</object>
	<object>
		<name>Label</name>
		<pose>Unspecified</pose>
		<truncated>0</truncated>
		<difficult>0</difficult>
		<bndbox>
			<xmin>88</xmin>
			<ymin>1839</ymin>
			<xmax>456</xmax>
			<ymax>1972</ymax>
		</bndbox>
	</object>
	<object>
		<name>Checkbox</name>
		<pose>Unspecified</pose>
		<truncated>0</truncated>
		<difficult>0</difficult>
		<bndbox>
			<xmin>21</xmin>
			<ymin>1507</ymin>
			<xmax>149</xmax>
			<ymax>1632</ymax>
		</bndbox>
	</object>
	<object>
		<name>Radio</name>
		<pose>Unspecified</pose>
		<truncated>0</truncated>
		<difficult>0</difficult>
		<bndbox>
			<xmin>19</xmin>
			<ymin>1142</ymin>
			<xmax>100</xmax>
			<ymax>1244</ymax>
		</bndbox>
	</object>
	<object>
		<name>Radio</name>
		<pose>Unspecified</pose>
		<truncated>0</truncated>
		<difficult>0</difficult>
		<bndbox>
			<xmin>37</xmin>
			<ymin>516</ymin>
			<xmax>154</xmax>
			<ymax>663</ymax>
		</bndbox>
	</object>
	<object>
		<name>Radio</name>
		<pose>Unspecified</pose>
		<truncated>0</truncated>
		<difficult>0</difficult>
		<bndbox>
			<xmin>344</xmin>
			<ymin>858</ymin>
			<xmax>447</xmax>
			<ymax>979</ymax>
		</bndbox>
	</object>
	<object>
		<name>Radio</name>
		<pose>Unspecified</pose>
		<truncated>0</truncated>
		<difficult>0</difficult>
		<bndbox>
			<xmin>1016</xmin>
			<ymin>835</ymin>
			<xmax>1107</xmax>
			<ymax>967</ymax>
		</bndbox>
	</object>
	<object>
		<name>Radio</name>
		<pose>Unspecified</pose>
		<truncated>0</truncated>
		<difficult>0</difficult>
		<bndbox>
			<xmin>1791</xmin>
			<ymin>579</ymin>
			<xmax>1893</xmax>
			<ymax>702</ymax>
		</bndbox>
	</object>
	<object>
		<name>Radio</name>
		<pose>Unspecified</pose>
		<truncated>0</truncated>
		<difficult>0</difficult>
		<bndbox>
			<xmin>1816</xmin>
			<ymin>1051</ymin>
			<xmax>1916</xmax>
			<ymax>1158</ymax>
		</bndbox>
	</object>
	<object>
		<name>Radio</name>
		<pose>Unspecified</pose>
		<truncated>0</truncated>
		<difficult>0</difficult>
		<bndbox>
			<xmin>572</xmin>
			<ymin>1209</ymin>
			<xmax>661</xmax>
			<ymax>1330</ymax>
		</bndbox>
	</object>
	<object>
		<name>Radio</name>
		<pose>Unspecified</pose>
		<truncated>0</truncated>
		<difficult>0</difficult>
		<bndbox>
			<xmin>537</xmin>
			<ymin>1481</ymin>
			<xmax>642</xmax>
			<ymax>1612</ymax>
		</bndbox>
	</object>
	<object>
		<name>Radio</name>
		<pose>Unspecified</pose>
		<truncated>0</truncated>
		<difficult>0</difficult>
		<bndbox>
			<xmin>1077</xmin>
			<ymin>1379</ymin>
			<xmax>1156</xmax>
			<ymax>1500</ymax>
		</bndbox>
	</object>
	<object>
		<name>Radio</name>
		<pose>Unspecified</pose>
		<truncated>0</truncated>
		<difficult>0</difficult>
		<bndbox>
			<xmin>1202</xmin>
			<ymin>1679</ymin>
			<xmax>1286</xmax>
			<ymax>1786</ymax>
		</bndbox>
	</object>
	<object>
		<name>Checkbox</name>
		<pose>Unspecified</pose>
		<truncated>0</truncated>
		<difficult>0</difficult>
		<bndbox>
			<xmin>79</xmin>
			<ymin>942</ymin>
			<xmax>209</xmax>
			<ymax>1060</ymax>
		</bndbox>
	</object>
	<object>
		<name>Label</name>
		<pose>Unspecified</pose>
		<truncated>0</truncated>
		<difficult>0</difficult>
		<bndbox>
			<xmin>944</xmin>
			<ymin>1179</ymin>
			<xmax>1214</xmax>
			<ymax>1281</ymax>
		</bndbox>
	</object>
</annotation>
