<annotation>
	<folder>image_dataset</folder>
	<filename>6.jpg</filename>
	<path>E:\Project 2022\Automatic-HTML-Code-Generation-from-Images\Automatic-HTML-Code-Generation-from-Images-master\image_dataset\6.jpg</path>
	<source>
		<database>Unknown</database>
	</source>
	<size>
		<width>1952</width>
		<height>2140</height>
		<depth>3</depth>
	</size>
	<segmented>0</segmented>
	<object>
		<name>Textbox</name>
		<pose>Unspecified</pose>
		<truncated>0</truncated>
		<difficult>0</difficult>
		<bndbox>
			<xmin>540</xmin>
			<ymin>163</ymin>
			<xmax>861</xmax>
			<ymax>312</ymax>
		</bndbox>
	</object>
	<object>
		<name>Textbox</name>
		<pose>Unspecified</pose>
		<truncated>0</truncated>
		<difficult>0</difficult>
		<bndbox>
			<xmin>881</xmin>
			<ymin>486</ymin>
			<xmax>1202</xmax>
			<ymax>607</ymax>
		</bndbox>
	</object>
	<object>
		<name>Textbox</name>
		<pose>Unspecified</pose>
		<truncated>0</truncated>
		<difficult>0</difficult>
		<bndbox>
			<xmin>1381</xmin>
			<ymin>449</ymin>
			<xmax>1691</xmax>
			<ymax>591</ymax>
		</bndbox>
	</object>
	<object>
		<name>Textbox</name>
		<pose>Unspecified</pose>
		<truncated>0</truncated>
		<difficult>0</difficult>
		<bndbox>
			<xmin>854</xmin>
			<ymin>653</ymin>
			<xmax>1147</xmax>
			<ymax>800</ymax>
		</bndbox>
	</object>
	<object>
		<name>Textbox</name>
		<pose>Unspecified</pose>
		<truncated>0</truncated>
		<difficult>0</difficult>
		<bndbox>
			<xmin>1205</xmin>
			<ymin>832</ymin>
			<xmax>1563</xmax>
			<ymax>965</ymax>
		</bndbox>
	</object>
	<object>
		<name>Textbox</name>
		<pose>Unspecified</pose>
		<truncated>0</truncated>
		<difficult>0</difficult>
		<bndbox>
			<xmin>970</xmin>
			<ymin>1002</ymin>
			<xmax>1312</xmax>
			<ymax>1132</ymax>
		</bndbox>
	</object>
	<object>
		<name>Textbox</name>
		<pose>Unspecified</pose>
		<truncated>0</truncated>
		<difficult>0</difficult>
		<bndbox>
			<xmin>1200</xmin>
			<ymin>1326</ymin>
			<xmax>1591</xmax>
			<ymax>1484</ymax>
		</bndbox>
	</object>
	<object>
		<name>Textbox</name>
		<pose>Unspecified</pose>
		<truncated>0</truncated>
		<difficult>0</difficult>
		<bndbox>
			<xmin>700</xmin>
			<ymin>1291</ymin>
			<xmax>1033</xmax>
			<ymax>1449</ymax>
		</bndbox>
	</object>
	<object>
		<name>Textbox</name>
		<pose>Unspecified</pose>
		<truncated>0</truncated>
		<difficult>0</difficult>
		<bndbox>
			<xmin>1481</xmin>
			<ymin>1542</ymin>
			<xmax>1779</xmax>
			<ymax>1714</ymax>
		</bndbox>
	</object>
	<object>
		<name>Textbox</name>
		<pose>Unspecified</pose>
		<truncated>0</truncated>
		<difficult>0</difficult>
		<bndbox>
			<xmin>1295</xmin>
			<ymin>1732</ymin>
			<xmax>1612</xmax>
			<ymax>1919</ymax>
		</bndbox>
	</object>
	<object>
		<name>Button</name>
		<pose>Unspecified</pose>
		<truncated>0</truncated>
		<difficult>0</difficult>
		<bndbox>
			<xmin>49</xmin>
			<ymin>91</ymin>
			<xmax>333</xmax>
			<ymax>216</ymax>
		</bndbox>
	</object>
	<object>
		<name>Button</name>
		<pose>Unspecified</pose>
		<truncated>0</truncated>
		<difficult>0</difficult>
		<bndbox>
			<xmin>272</xmin>
			<ymin>360</ymin>
			<xmax>619</xmax>
			<ymax>505</ymax>
		</bndbox>
	</object>
	<object>
		<name>Button</name>
		<pose>Unspecified</pose>
		<truncated>0</truncated>
		<difficult>0</difficult>
		<bndbox>
			<xmin>161</xmin>
			<ymin>707</ymin>
			<xmax>521</xmax>
			<ymax>844</ymax>
		</bndbox>
	</object>
	<object>
		<name>Button</name>
		<pose>Unspecified</pose>
		<truncated>0</truncated>
		<difficult>0</difficult>
		<bndbox>
			<xmin>244</xmin>
			<ymin>1044</ymin>
			<xmax>609</xmax>
			<ymax>1195</ymax>
		</bndbox>
	</object>
	<object>
		<name>Button</name>
		<pose>Unspecified</pose>
		<truncated>0</truncated>
		<difficult>0</difficult>
		<bndbox>
			<xmin>121</xmin>
			<ymin>1265</ymin>
			<xmax>509</xmax>
			<ymax>1428</ymax>
		</bndbox>
	</object>
	<object>
		<name>Button</name>
		<pose>Unspecified</pose>
		<truncated>0</truncated>
		<difficult>0</difficult>
		<bndbox>
			<xmin>700</xmin>
			<ymin>1484</ymin>
			<xmax>1079</xmax>
			<ymax>1660</ymax>
		</bndbox>
	</object>
	<object>
		<name>Button</name>
		<pose>Unspecified</pose>
		<truncated>0</truncated>
		<difficult>0</difficult>
		<bndbox>
			<xmin>735</xmin>
			<ymin>1698</ymin>
			<xmax>1140</xmax>
			<ymax>1835</ymax>
		</bndbox>
	</object>
	<object>
		<name>Button</name>
		<pose>Unspecified</pose>
		<truncated>0</truncated>
		<difficult>0</difficult>
		<bndbox>
			<xmin>1584</xmin>
			<ymin>1963</ymin>
			<xmax>1854</xmax>
			<ymax>2091</ymax>
		</bndbox>
	</object>
	<object>
		<name>Button</name>
		<pose>Unspecified</pose>
		<truncated>0</truncated>
		<difficult>0</difficult>
		<bndbox>
			<xmin>1086</xmin>
			<ymin>1988</ymin>
			<xmax>1351</xmax>
			<ymax>2119</ymax>
		</bndbox>
	</object>
	<object>
		<name>Button</name>
		<pose>Unspecified</pose>
		<truncated>0</truncated>
		<difficult>0</difficult>
		<bndbox>
			<xmin>614</xmin>
			<ymin>1939</ymin>
			<xmax>949</xmax>
			<ymax>2100</ymax>
		</bndbox>
	</object>
	<object>
		<name>Checkbox</name>
		<pose>Unspecified</pose>
		<truncated>0</truncated>
		<difficult>0</difficult>
		<bndbox>
			<xmin>326</xmin>
			<ymin>212</ymin>
			<xmax>470</xmax>
			<ymax>319</ymax>
		</bndbox>
	</object>
	<object>
		<name>Checkbox</name>
		<pose>Unspecified</pose>
		<truncated>0</truncated>
		<difficult>0</difficult>
		<bndbox>
			<xmin>54</xmin>
			<ymin>312</ymin>
			<xmax>221</xmax>
			<ymax>451</ymax>
		</bndbox>
	</object>
	<object>
		<name>Checkbox</name>
		<pose>Unspecified</pose>
		<truncated>0</truncated>
		<difficult>0</difficult>
		<bndbox>
			<xmin>700</xmin>
			<ymin>405</ymin>
			<xmax>842</xmax>
			<ymax>530</ymax>
		</bndbox>
	</object>
	<object>
		<name>Checkbox</name>
		<pose>Unspecified</pose>
		<truncated>0</truncated>
		<difficult>0</difficult>
		<bndbox>
			<xmin>893</xmin>
			<ymin>358</ymin>
			<xmax>1030</xmax>
			<ymax>495</ymax>
		</bndbox>
	</object>
	<object>
		<name>Checkbox</name>
		<pose>Unspecified</pose>
		<truncated>0</truncated>
		<difficult>0</difficult>
		<bndbox>
			<xmin>326</xmin>
			<ymin>528</ymin>
			<xmax>488</xmax>
			<ymax>653</ymax>
		</bndbox>
	</object>
	<object>
		<name>Checkbox</name>
		<pose>Unspecified</pose>
		<truncated>0</truncated>
		<difficult>0</difficult>
		<bndbox>
			<xmin>588</xmin>
			<ymin>593</ymin>
			<xmax>747</xmax>
			<ymax>707</ymax>
		</bndbox>
	</object>
	<object>
		<name>Checkbox</name>
		<pose>Unspecified</pose>
		<truncated>0</truncated>
		<difficult>0</difficult>
		<bndbox>
			<xmin>86</xmin>
			<ymin>951</ymin>
			<xmax>228</xmax>
			<ymax>1074</ymax>
		</bndbox>
	</object>
	<object>
		<name>Checkbox</name>
		<pose>Unspecified</pose>
		<truncated>0</truncated>
		<difficult>0</difficult>
		<bndbox>
			<xmin>1791</xmin>
			<ymin>1435</ymin>
			<xmax>1919</xmax>
			<ymax>1558</ymax>
		</bndbox>
	</object>
	<object>
		<name>Checkbox</name>
		<pose>Unspecified</pose>
		<truncated>0</truncated>
		<difficult>0</difficult>
		<bndbox>
			<xmin>561</xmin>
			<ymin>1726</ymin>
			<xmax>719</xmax>
			<ymax>1867</ymax>
		</bndbox>
	</object>
	<object>
		<name>Checkbox</name>
		<pose>Unspecified</pose>
		<truncated>0</truncated>
		<difficult>0</difficult>
		<bndbox>
			<xmin>49</xmin>
			<ymin>1505</ymin>
			<xmax>172</xmax>
			<ymax>1646</ymax>
		</bndbox>
	</object>
	<object>
		<name>Image</name>
		<pose>Unspecified</pose>
		<truncated>0</truncated>
		<difficult>0</difficult>
		<bndbox>
			<xmin>951</xmin>
			<ymin>177</ymin>
			<xmax>1165</xmax>
			<ymax>339</ymax>
		</bndbox>
	</object>
	<object>
		<name>Image</name>
		<pose>Unspecified</pose>
		<truncated>0</truncated>
		<difficult>0</difficult>
		<bndbox>
			<xmin>1705</xmin>
			<ymin>135</ymin>
			<xmax>1879</xmax>
			<ymax>279</ymax>
		</bndbox>
	</object>
	<object>
		<name>Image</name>
		<pose>Unspecified</pose>
		<truncated>0</truncated>
		<difficult>0</difficult>
		<bndbox>
			<xmin>1714</xmin>
			<ymin>356</ymin>
			<xmax>1933</xmax>
			<ymax>474</ymax>
		</bndbox>
	</object>
	<object>
		<name>Image</name>
		<pose>Unspecified</pose>
		<truncated>0</truncated>
		<difficult>0</difficult>
		<bndbox>
			<xmin>677</xmin>
			<ymin>1037</ymin>
			<xmax>909</xmax>
			<ymax>1186</ymax>
		</bndbox>
	</object>
	<object>
		<name>Image</name>
		<pose>Unspecified</pose>
		<truncated>0</truncated>
		<difficult>0</difficult>
		<bndbox>
			<xmin>1293</xmin>
			<ymin>1137</ymin>
			<xmax>1479</xmax>
			<ymax>1265</ymax>
		</bndbox>
	</object>
	<object>
		<name>Image</name>
		<pose>Unspecified</pose>
		<truncated>0</truncated>
		<difficult>0</difficult>
		<bndbox>
			<xmin>1661</xmin>
			<ymin>1272</ymin>
			<xmax>1930</xmax>
			<ymax>1409</ymax>
		</bndbox>
	</object>
	<object>
		<name>Image</name>
		<pose>Unspecified</pose>
		<truncated>0</truncated>
		<difficult>0</difficult>
		<bndbox>
			<xmin>1705</xmin>
			<ymin>1746</ymin>
			<xmax>1912</xmax>
			<ymax>1909</ymax>
		</bndbox>
	</object>
	<object>
		<name>Image</name>
		<pose>Unspecified</pose>
		<truncated>0</truncated>
		<difficult>0</difficult>
		<bndbox>
			<xmin>1028</xmin>
			<ymin>1844</ymin>
			<xmax>1249</xmax>
			<ymax>1974</ymax>
		</bndbox>
	</object>
	<object>
		<name>Image</name>
		<pose>Unspecified</pose>
		<truncated>0</truncated>
		<difficult>0</difficult>
		<bndbox>
			<xmin>74</xmin>
			<ymin>1984</ymin>
			<xmax>344</xmax>
			<ymax>2130</ymax>
		</bndbox>
	</object>
	<object>
		<name>Image</name>
		<pose>Unspecified</pose>
		<truncated>0</truncated>
		<difficult>0</difficult>
		<bndbox>
			<xmin>284</xmin>
			<ymin>1442</ymin>
			<xmax>505</xmax>
			<ymax>1595</ymax>
		</bndbox>
	</object>
	<object>
		<name>Label</name>
		<pose>Unspecified</pose>
		<truncated>0</truncated>
		<difficult>0</difficult>
		<bndbox>
			<xmin>1298</xmin>
			<ymin>107</ymin>
			<xmax>1602</xmax>
			<ymax>205</ymax>
		</bndbox>
	</object>
	<object>
		<name>Label</name>
		<pose>Unspecified</pose>
		<truncated>0</truncated>
		<difficult>0</difficult>
		<bndbox>
			<xmin>1251</xmin>
			<ymin>267</ymin>
			<xmax>1628</xmax>
			<ymax>379</ymax>
		</bndbox>
	</object>
	<object>
		<name>Label</name>
		<pose>Unspecified</pose>
		<truncated>0</truncated>
		<difficult>0</difficult>
		<bndbox>
			<xmin>588</xmin>
			<ymin>814</ymin>
			<xmax>888</xmax>
			<ymax>949</ymax>
		</bndbox>
	</object>
	<object>
		<name>Label</name>
		<pose>Unspecified</pose>
		<truncated>0</truncated>
		<difficult>0</difficult>
		<bndbox>
			<xmin>942</xmin>
			<ymin>1167</ymin>
			<xmax>1202</xmax>
			<ymax>1286</ymax>
		</bndbox>
	</object>
	<object>
		<name>Label</name>
		<pose>Unspecified</pose>
		<truncated>0</truncated>
		<difficult>0</difficult>
		<bndbox>
			<xmin>1651</xmin>
			<ymin>851</ymin>
			<xmax>1874</xmax>
			<ymax>981</ymax>
		</bndbox>
	</object>
	<object>
		<name>Label</name>
		<pose>Unspecified</pose>
		<truncated>0</truncated>
		<difficult>0</difficult>
		<bndbox>
			<xmin>1363</xmin>
			<ymin>632</ymin>
			<xmax>1705</xmax>
			<ymax>786</ymax>
		</bndbox>
	</object>
	<object>
		<name>Label</name>
		<pose>Unspecified</pose>
		<truncated>0</truncated>
		<difficult>0</difficult>
		<bndbox>
			<xmin>1509</xmin>
			<ymin>1070</ymin>
			<xmax>1779</xmax>
			<ymax>1209</ymax>
		</bndbox>
	</object>
	<object>
		<name>Label</name>
		<pose>Unspecified</pose>
		<truncated>0</truncated>
		<difficult>0</difficult>
		<bndbox>
			<xmin>1193</xmin>
			<ymin>1537</ymin>
			<xmax>1437</xmax>
			<ymax>1644</ymax>
		</bndbox>
	</object>
	<object>
		<name>Label</name>
		<pose>Unspecified</pose>
		<truncated>0</truncated>
		<difficult>0</difficult>
		<bndbox>
			<xmin>207</xmin>
			<ymin>1630</ymin>
			<xmax>540</xmax>
			<ymax>1767</ymax>
		</bndbox>
	</object>
	<object>
		<name>Label</name>
		<pose>Unspecified</pose>
		<truncated>0</truncated>
		<difficult>0</difficult>
		<bndbox>
			<xmin>123</xmin>
			<ymin>1835</ymin>
			<xmax>491</xmax>
			<ymax>1965</ymax>
		</bndbox>
	</object>
	<object>
		<name>Radio</name>
		<pose>Unspecified</pose>
		<truncated>0</truncated>
		<difficult>0</difficult>
		<bndbox>
			<xmin>44</xmin>
			<ymin>537</ymin>
			<xmax>149</xmax>
			<ymax>686</ymax>
		</bndbox>
	</object>
	<object>
		<name>Radio</name>
		<pose>Unspecified</pose>
		<truncated>0</truncated>
		<difficult>0</difficult>
		<bndbox>
			<xmin>349</xmin>
			<ymin>867</ymin>
			<xmax>449</xmax>
			<ymax>988</ymax>
		</bndbox>
	</object>
	<object>
		<name>Radio</name>
		<pose>Unspecified</pose>
		<truncated>0</truncated>
		<difficult>0</difficult>
		<bndbox>
			<xmin>1007</xmin>
			<ymin>835</ymin>
			<xmax>1119</xmax>
			<ymax>967</ymax>
		</bndbox>
	</object>
	<object>
		<name>Radio</name>
		<pose>Unspecified</pose>
		<truncated>0</truncated>
		<difficult>0</difficult>
		<bndbox>
			<xmin>1763</xmin>
			<ymin>574</ymin>
			<xmax>1863</xmax>
			<ymax>702</ymax>
		</bndbox>
	</object>
	<object>
		<name>Radio</name>
		<pose>Unspecified</pose>
		<truncated>0</truncated>
		<difficult>0</difficult>
		<bndbox>
			<xmin>1819</xmin>
			<ymin>1026</ymin>
			<xmax>1902</xmax>
			<ymax>1146</ymax>
		</bndbox>
	</object>
	<object>
		<name>Radio</name>
		<pose>Unspecified</pose>
		<truncated>0</truncated>
		<difficult>0</difficult>
		<bndbox>
			<xmin>572</xmin>
			<ymin>1212</ymin>
			<xmax>681</xmax>
			<ymax>1332</ymax>
		</bndbox>
	</object>
	<object>
		<name>Radio</name>
		<pose>Unspecified</pose>
		<truncated>0</truncated>
		<difficult>0</difficult>
		<bndbox>
			<xmin>33</xmin>
			<ymin>1139</ymin>
			<xmax>123</xmax>
			<ymax>1253</ymax>
		</bndbox>
	</object>
	<object>
		<name>Radio</name>
		<pose>Unspecified</pose>
		<truncated>0</truncated>
		<difficult>0</difficult>
		<bndbox>
			<xmin>549</xmin>
			<ymin>1465</ymin>
			<xmax>661</xmax>
			<ymax>1607</ymax>
		</bndbox>
	</object>
	<object>
		<name>Radio</name>
		<pose>Unspecified</pose>
		<truncated>0</truncated>
		<difficult>0</difficult>
		<bndbox>
			<xmin>1072</xmin>
			<ymin>1365</ymin>
			<xmax>1163</xmax>
			<ymax>1502</ymax>
		</bndbox>
	</object>
	<object>
		<name>Radio</name>
		<pose>Unspecified</pose>
		<truncated>0</truncated>
		<difficult>0</difficult>
		<bndbox>
			<xmin>1202</xmin>
			<ymin>1653</ymin>
			<xmax>1302</xmax>
			<ymax>1765</ymax>
		</bndbox>
	</object>
</annotation>
