<annotation>
	<folder>image_dataset</folder>
	<filename>7.jpg</filename>
	<path>E:\Project 2022\Automatic-HTML-Code-Generation-from-Images\Automatic-HTML-Code-Generation-from-Images-master\image_dataset\7.jpg</path>
	<source>
		<database>Unknown</database>
	</source>
	<size>
		<width>1896</width>
		<height>2084</height>
		<depth>3</depth>
	</size>
	<segmented>0</segmented>
	<object>
		<name>Button</name>
		<pose>Unspecified</pose>
		<truncated>0</truncated>
		<difficult>0</difficult>
		<bndbox>
			<xmin>20</xmin>
			<ymin>19</ymin>
			<xmax>387</xmax>
			<ymax>157</ymax>
		</bndbox>
	</object>
	<object>
		<name>Button</name>
		<pose>Unspecified</pose>
		<truncated>0</truncated>
		<difficult>0</difficult>
		<bndbox>
			<xmin>953</xmin>
			<ymin>46</ymin>
			<xmax>1273</xmax>
			<ymax>163</ymax>
		</bndbox>
	</object>
	<object>
		<name>Button</name>
		<pose>Unspecified</pose>
		<truncated>0</truncated>
		<difficult>0</difficult>
		<bndbox>
			<xmin>1413</xmin>
			<ymin>61</ymin>
			<xmax>1715</xmax>
			<ymax>183</ymax>
		</bndbox>
	</object>
	<object>
		<name>Button</name>
		<pose>Unspecified</pose>
		<truncated>0</truncated>
		<difficult>0</difficult>
		<bndbox>
			<xmin>67</xmin>
			<ymin>197</ymin>
			<xmax>371</xmax>
			<ymax>332</ymax>
		</bndbox>
	</object>
	<object>
		<name>Button</name>
		<pose>Unspecified</pose>
		<truncated>0</truncated>
		<difficult>0</difficult>
		<bndbox>
			<xmin>71</xmin>
			<ymin>599</ymin>
			<xmax>431</xmax>
			<ymax>770</ymax>
		</bndbox>
	</object>
	<object>
		<name>Button</name>
		<pose>Unspecified</pose>
		<truncated>0</truncated>
		<difficult>0</difficult>
		<bndbox>
			<xmin>87</xmin>
			<ymin>832</ymin>
			<xmax>500</xmax>
			<ymax>990</ymax>
		</bndbox>
	</object>
	<object>
		<name>Button</name>
		<pose>Unspecified</pose>
		<truncated>0</truncated>
		<difficult>0</difficult>
		<bndbox>
			<xmin>127</xmin>
			<ymin>1312</ymin>
			<xmax>447</xmax>
			<ymax>1452</ymax>
		</bndbox>
	</object>
	<object>
		<name>Button</name>
		<pose>Unspecified</pose>
		<truncated>0</truncated>
		<difficult>0</difficult>
		<bndbox>
			<xmin>684</xmin>
			<ymin>1361</ymin>
			<xmax>1055</xmax>
			<ymax>1492</ymax>
		</bndbox>
	</object>
	<object>
		<name>Button</name>
		<pose>Unspecified</pose>
		<truncated>0</truncated>
		<difficult>0</difficult>
		<bndbox>
			<xmin>1438</xmin>
			<ymin>1606</ymin>
			<xmax>1735</xmax>
			<ymax>1757</ymax>
		</bndbox>
	</object>
	<object>
		<name>Button</name>
		<pose>Unspecified</pose>
		<truncated>0</truncated>
		<difficult>0</difficult>
		<bndbox>
			<xmin>1582</xmin>
			<ymin>1826</ymin>
			<xmax>1820</xmax>
			<ymax>1990</ymax>
		</bndbox>
	</object>
	<object>
		<name>Radio</name>
		<pose>Unspecified</pose>
		<truncated>0</truncated>
		<difficult>0</difficult>
		<bndbox>
			<xmin>442</xmin>
			<ymin>21</ymin>
			<xmax>529</xmax>
			<ymax>119</ymax>
		</bndbox>
	</object>
	<object>
		<name>Radio</name>
		<pose>Unspecified</pose>
		<truncated>0</truncated>
		<difficult>0</difficult>
		<bndbox>
			<xmin>898</xmin>
			<ymin>170</ymin>
			<xmax>987</xmax>
			<ymax>272</ymax>
		</bndbox>
	</object>
	<object>
		<name>Radio</name>
		<pose>Unspecified</pose>
		<truncated>0</truncated>
		<difficult>0</difficult>
		<bndbox>
			<xmin>1167</xmin>
			<ymin>190</ymin>
			<xmax>1262</xmax>
			<ymax>297</ymax>
		</bndbox>
	</object>
	<object>
		<name>Radio</name>
		<pose>Unspecified</pose>
		<truncated>0</truncated>
		<difficult>0</difficult>
		<bndbox>
			<xmin>1291</xmin>
			<ymin>601</ymin>
			<xmax>1382</xmax>
			<ymax>701</ymax>
		</bndbox>
	</object>
	<object>
		<name>Radio</name>
		<pose>Unspecified</pose>
		<truncated>0</truncated>
		<difficult>0</difficult>
		<bndbox>
			<xmin>791</xmin>
			<ymin>648</ymin>
			<xmax>880</xmax>
			<ymax>741</ymax>
		</bndbox>
	</object>
	<object>
		<name>Radio</name>
		<pose>Unspecified</pose>
		<truncated>0</truncated>
		<difficult>0</difficult>
		<bndbox>
			<xmin>895</xmin>
			<ymin>715</ymin>
			<xmax>973</xmax>
			<ymax>828</ymax>
		</bndbox>
	</object>
	<object>
		<name>Radio</name>
		<pose>Unspecified</pose>
		<truncated>0</truncated>
		<difficult>0</difficult>
		<bndbox>
			<xmin>1404</xmin>
			<ymin>1141</ymin>
			<xmax>1500</xmax>
			<ymax>1266</ymax>
		</bndbox>
	</object>
	<object>
		<name>Radio</name>
		<pose>Unspecified</pose>
		<truncated>0</truncated>
		<difficult>0</difficult>
		<bndbox>
			<xmin>980</xmin>
			<ymin>1012</ymin>
			<xmax>1073</xmax>
			<ymax>1121</ymax>
		</bndbox>
	</object>
	<object>
		<name>Radio</name>
		<pose>Unspecified</pose>
		<truncated>0</truncated>
		<difficult>0</difficult>
		<bndbox>
			<xmin>638</xmin>
			<ymin>881</ymin>
			<xmax>724</xmax>
			<ymax>992</ymax>
		</bndbox>
	</object>
	<object>
		<name>Radio</name>
		<pose>Unspecified</pose>
		<truncated>0</truncated>
		<difficult>0</difficult>
		<bndbox>
			<xmin>842</xmin>
			<ymin>1128</ymin>
			<xmax>947</xmax>
			<ymax>1243</ymax>
		</bndbox>
	</object>
	<object>
		<name>Label</name>
		<pose>Unspecified</pose>
		<truncated>0</truncated>
		<difficult>0</difficult>
		<bndbox>
			<xmin>498</xmin>
			<ymin>126</ymin>
			<xmax>820</xmax>
			<ymax>279</ymax>
		</bndbox>
	</object>
	<object>
		<name>Label</name>
		<pose>Unspecified</pose>
		<truncated>0</truncated>
		<difficult>0</difficult>
		<bndbox>
			<xmin>127</xmin>
			<ymin>370</ymin>
			<xmax>493</xmax>
			<ymax>517</ymax>
		</bndbox>
	</object>
	<object>
		<name>Label</name>
		<pose>Unspecified</pose>
		<truncated>0</truncated>
		<difficult>0</difficult>
		<bndbox>
			<xmin>873</xmin>
			<ymin>888</ymin>
			<xmax>1124</xmax>
			<ymax>983</ymax>
		</bndbox>
	</object>
	<object>
		<name>Label</name>
		<pose>Unspecified</pose>
		<truncated>0</truncated>
		<difficult>0</difficult>
		<bndbox>
			<xmin>115</xmin>
			<ymin>1072</ymin>
			<xmax>471</xmax>
			<ymax>1208</ymax>
		</bndbox>
	</object>
	<object>
		<name>Label</name>
		<pose>Unspecified</pose>
		<truncated>0</truncated>
		<difficult>0</difficult>
		<bndbox>
			<xmin>842</xmin>
			<ymin>1577</ymin>
			<xmax>1191</xmax>
			<ymax>1703</ymax>
		</bndbox>
	</object>
	<object>
		<name>Label</name>
		<pose>Unspecified</pose>
		<truncated>0</truncated>
		<difficult>0</difficult>
		<bndbox>
			<xmin>1138</xmin>
			<ymin>1748</ymin>
			<xmax>1467</xmax>
			<ymax>1895</ymax>
		</bndbox>
	</object>
	<object>
		<name>Label</name>
		<pose>Unspecified</pose>
		<truncated>0</truncated>
		<difficult>0</difficult>
		<bndbox>
			<xmin>753</xmin>
			<ymin>1717</ymin>
			<xmax>1031</xmax>
			<ymax>1821</ymax>
		</bndbox>
	</object>
	<object>
		<name>Label</name>
		<pose>Unspecified</pose>
		<truncated>0</truncated>
		<difficult>0</difficult>
		<bndbox>
			<xmin>71</xmin>
			<ymin>1850</ymin>
			<xmax>467</xmax>
			<ymax>1990</ymax>
		</bndbox>
	</object>
	<object>
		<name>Label</name>
		<pose>Unspecified</pose>
		<truncated>0</truncated>
		<difficult>0</difficult>
		<bndbox>
			<xmin>602</xmin>
			<ymin>1832</ymin>
			<xmax>962</xmax>
			<ymax>1979</ymax>
		</bndbox>
	</object>
	<object>
		<name>Label</name>
		<pose>Unspecified</pose>
		<truncated>0</truncated>
		<difficult>0</difficult>
		<bndbox>
			<xmin>1062</xmin>
			<ymin>1950</ymin>
			<xmax>1418</xmax>
			<ymax>2063</ymax>
		</bndbox>
	</object>
	<object>
		<name>Image</name>
		<pose>Unspecified</pose>
		<truncated>0</truncated>
		<difficult>0</difficult>
		<bndbox>
			<xmin>540</xmin>
			<ymin>303</ymin>
			<xmax>780</xmax>
			<ymax>437</ymax>
		</bndbox>
	</object>
	<object>
		<name>Image</name>
		<pose>Unspecified</pose>
		<truncated>0</truncated>
		<difficult>0</difficult>
		<bndbox>
			<xmin>884</xmin>
			<ymin>286</ymin>
			<xmax>1133</xmax>
			<ymax>439</ymax>
		</bndbox>
	</object>
	<object>
		<name>Image</name>
		<pose>Unspecified</pose>
		<truncated>0</truncated>
		<difficult>0</difficult>
		<bndbox>
			<xmin>1253</xmin>
			<ymin>308</ymin>
			<xmax>1524</xmax>
			<ymax>437</ymax>
		</bndbox>
	</object>
	<object>
		<name>Image</name>
		<pose>Unspecified</pose>
		<truncated>0</truncated>
		<difficult>0</difficult>
		<bndbox>
			<xmin>1624</xmin>
			<ymin>363</ymin>
			<xmax>1851</xmax>
			<ymax>479</ymax>
		</bndbox>
	</object>
	<object>
		<name>Image</name>
		<pose>Unspecified</pose>
		<truncated>0</truncated>
		<difficult>0</difficult>
		<bndbox>
			<xmin>1489</xmin>
			<ymin>508</ymin>
			<xmax>1718</xmax>
			<ymax>626</ymax>
		</bndbox>
	</object>
	<object>
		<name>Image</name>
		<pose>Unspecified</pose>
		<truncated>0</truncated>
		<difficult>0</difficult>
		<bndbox>
			<xmin>1620</xmin>
			<ymin>723</ymin>
			<xmax>1824</xmax>
			<ymax>821</ymax>
		</bndbox>
	</object>
	<object>
		<name>Image</name>
		<pose>Unspecified</pose>
		<truncated>0</truncated>
		<difficult>0</difficult>
		<bndbox>
			<xmin>1604</xmin>
			<ymin>888</ymin>
			<xmax>1807</xmax>
			<ymax>1003</ymax>
		</bndbox>
	</object>
	<object>
		<name>Image</name>
		<pose>Unspecified</pose>
		<truncated>0</truncated>
		<difficult>0</difficult>
		<bndbox>
			<xmin>1029</xmin>
			<ymin>670</ymin>
			<xmax>1222</xmax>
			<ymax>815</ymax>
		</bndbox>
	</object>
	<object>
		<name>Image</name>
		<pose>Unspecified</pose>
		<truncated>0</truncated>
		<difficult>0</difficult>
		<bndbox>
			<xmin>507</xmin>
			<ymin>726</ymin>
			<xmax>747</xmax>
			<ymax>861</ymax>
		</bndbox>
	</object>
	<object>
		<name>Image</name>
		<pose>Unspecified</pose>
		<truncated>0</truncated>
		<difficult>0</difficult>
		<bndbox>
			<xmin>444</xmin>
			<ymin>503</ymin>
			<xmax>673</xmax>
			<ymax>657</ymax>
		</bndbox>
	</object>
	<object>
		<name>Checkbox</name>
		<pose>Unspecified</pose>
		<truncated>0</truncated>
		<difficult>0</difficult>
		<bndbox>
			<xmin>784</xmin>
			<ymin>459</ymin>
			<xmax>938</xmax>
			<ymax>572</ymax>
		</bndbox>
	</object>
	<object>
		<name>Checkbox</name>
		<pose>Unspecified</pose>
		<truncated>0</truncated>
		<difficult>0</difficult>
		<bndbox>
			<xmin>1124</xmin>
			<ymin>459</ymin>
			<xmax>1267</xmax>
			<ymax>597</ymax>
		</bndbox>
	</object>
	<object>
		<name>Checkbox</name>
		<pose>Unspecified</pose>
		<truncated>0</truncated>
		<difficult>0</difficult>
		<bndbox>
			<xmin>1409</xmin>
			<ymin>726</ymin>
			<xmax>1549</xmax>
			<ymax>852</ymax>
		</bndbox>
	</object>
	<object>
		<name>Checkbox</name>
		<pose>Unspecified</pose>
		<truncated>0</truncated>
		<difficult>0</difficult>
		<bndbox>
			<xmin>1240</xmin>
			<ymin>848</ymin>
			<xmax>1380</xmax>
			<ymax>979</ymax>
		</bndbox>
	</object>
	<object>
		<name>Checkbox</name>
		<pose>Unspecified</pose>
		<truncated>0</truncated>
		<difficult>0</difficult>
		<bndbox>
			<xmin>1209</xmin>
			<ymin>1310</ymin>
			<xmax>1347</xmax>
			<ymax>1423</ymax>
		</bndbox>
	</object>
	<object>
		<name>Checkbox</name>
		<pose>Unspecified</pose>
		<truncated>0</truncated>
		<difficult>0</difficult>
		<bndbox>
			<xmin>533</xmin>
			<ymin>1348</ymin>
			<xmax>640</xmax>
			<ymax>1463</ymax>
		</bndbox>
	</object>
	<object>
		<name>Checkbox</name>
		<pose>Unspecified</pose>
		<truncated>0</truncated>
		<difficult>0</difficult>
		<bndbox>
			<xmin>647</xmin>
			<ymin>1559</ymin>
			<xmax>780</xmax>
			<ymax>1681</ymax>
		</bndbox>
	</object>
	<object>
		<name>Checkbox</name>
		<pose>Unspecified</pose>
		<truncated>0</truncated>
		<difficult>0</difficult>
		<bndbox>
			<xmin>1240</xmin>
			<ymin>1608</ymin>
			<xmax>1375</xmax>
			<ymax>1732</ymax>
		</bndbox>
	</object>
	<object>
		<name>Checkbox</name>
		<pose>Unspecified</pose>
		<truncated>0</truncated>
		<difficult>0</difficult>
		<bndbox>
			<xmin>44</xmin>
			<ymin>1659</ymin>
			<xmax>169</xmax>
			<ymax>1777</ymax>
		</bndbox>
	</object>
	<object>
		<name>Checkbox</name>
		<pose>Unspecified</pose>
		<truncated>0</truncated>
		<difficult>0</difficult>
		<bndbox>
			<xmin>987</xmin>
			<ymin>1846</ymin>
			<xmax>1084</xmax>
			<ymax>1970</ymax>
		</bndbox>
	</object>
	<object>
		<name>Textbox</name>
		<pose>Unspecified</pose>
		<truncated>0</truncated>
		<difficult>0</difficult>
		<bndbox>
			<xmin>582</xmin>
			<ymin>1015</ymin>
			<xmax>918</xmax>
			<ymax>1141</ymax>
		</bndbox>
	</object>
	<object>
		<name>Textbox</name>
		<pose>Unspecified</pose>
		<truncated>0</truncated>
		<difficult>0</difficult>
		<bndbox>
			<xmin>1107</xmin>
			<ymin>1035</ymin>
			<xmax>1438</xmax>
			<ymax>1143</ymax>
		</bndbox>
	</object>
	<object>
		<name>Textbox</name>
		<pose>Unspecified</pose>
		<truncated>0</truncated>
		<difficult>0</difficult>
		<bndbox>
			<xmin>1573</xmin>
			<ymin>1032</ymin>
			<xmax>1838</xmax>
			<ymax>1179</ymax>
		</bndbox>
	</object>
	<object>
		<name>Textbox</name>
		<pose>Unspecified</pose>
		<truncated>0</truncated>
		<difficult>0</difficult>
		<bndbox>
			<xmin>1524</xmin>
			<ymin>1197</ymin>
			<xmax>1831</xmax>
			<ymax>1335</ymax>
		</bndbox>
	</object>
	<object>
		<name>Textbox</name>
		<pose>Unspecified</pose>
		<truncated>0</truncated>
		<difficult>0</difficult>
		<bndbox>
			<xmin>980</xmin>
			<ymin>1192</ymin>
			<xmax>1384</xmax>
			<ymax>1308</ymax>
		</bndbox>
	</object>
	<object>
		<name>Textbox</name>
		<pose>Unspecified</pose>
		<truncated>0</truncated>
		<difficult>0</difficult>
		<bndbox>
			<xmin>491</xmin>
			<ymin>1199</ymin>
			<xmax>798</xmax>
			<ymax>1310</ymax>
		</bndbox>
	</object>
	<object>
		<name>Textbox</name>
		<pose>Unspecified</pose>
		<truncated>0</truncated>
		<difficult>0</difficult>
		<bndbox>
			<xmin>1504</xmin>
			<ymin>1415</ymin>
			<xmax>1818</xmax>
			<ymax>1546</ymax>
		</bndbox>
	</object>
	<object>
		<name>Textbox</name>
		<pose>Unspecified</pose>
		<truncated>0</truncated>
		<difficult>0</difficult>
		<bndbox>
			<xmin>1158</xmin>
			<ymin>1428</ymin>
			<xmax>1482</xmax>
			<ymax>1559</ymax>
		</bndbox>
	</object>
	<object>
		<name>Textbox</name>
		<pose>Unspecified</pose>
		<truncated>0</truncated>
		<difficult>0</difficult>
		<bndbox>
			<xmin>227</xmin>
			<ymin>1492</ymin>
			<xmax>607</xmax>
			<ymax>1655</ymax>
		</bndbox>
	</object>
	<object>
		<name>Textbox</name>
		<pose>Unspecified</pose>
		<truncated>0</truncated>
		<difficult>0</difficult>
		<bndbox>
			<xmin>244</xmin>
			<ymin>1701</ymin>
			<xmax>644</xmax>
			<ymax>1810</ymax>
		</bndbox>
	</object>
</annotation>
